timestamp,sensor,value_c,setpoint_c,anomaly_mode,event,value_g
2026-07-26T13:12:04.310506+00:00,temperature,3.829,4.0,none,,
2026-07-26T13:12:04.310506+00:00,door_event,,,none,CLOSE,
2026-07-26T13:12:08.287735+00:00,temperature,3.823,4.0,none,,
2026-07-26T13:12:08.287735+00:00,vibration_rms,,,none,,0.486
2026-07-26T13:12:11.346076+00:00,temperature,4.496,4.0,none,,
2026-07-26T13:12:12.696943+00:00,temperature,4.218,4.0,none,,
2026-07-26T13:12:12.696943+00:00,vibration_rms,,,none,,0.424
2026-07-26T13:12:16.071724+00:00,temperature,3.997,4.0,none,,
2026-07-26T13:12:17.510324+00:00,temperature,3.694,4.0,none,,
2026-07-26T13:12:17.510324+00:00,vibration_rms,,,none,,0.464
2026-07-26T13:12:20.307874+00:00,temperature,4.148,4.0,none,,
2026-07-26T13:12:21.613925+00:00,temperature,4.141,4.0,none,,
2026-07-26T13:12:21.613925+00:00,vibration_rms,,,none,,0.503
2026-07-26T13:12:23.202944+00:00,temperature,4.088,4.0,none,,
2026-07-26T13:12:24.677903+00:00,temperature,3.675,4.0,none,,
2026-07-26T13:12:24.677903+00:00,vibration_rms,,,none,,0.46
2026-07-26T13:12:26.336391+00:00,temperature,4.338,4.0,none,,
2026-07-26T13:12:27.693884+00:00,temperature,4.289,4.0,none,,
2026-07-26T13:12:27.693884+00:00,vibration_rms,,,none,,0.441
2026-07-26T13:12:29.587849+00:00,temperature,3.762,4.0,none,,
2026-07-26T13:12:31.000681+00:00,temperature,4.029,4.0,none,,
2026-07-26T13:12:31.000681+00:00,vibration_rms,,,none,,0.55
2026-07-26T13:12:32.858620+00:00,temperature,4.075,4.0,none,,
2026-07-26T13:12:34.713103+00:00,temperature,4.03,4.0,none,,
2026-07-26T13:12:34.713103+00:00,vibration_rms,,,none,,0.46
2026-07-26T13:12:36.524345+00:00,temperature,3.768,4.0,none,,
2026-07-26T13:12:37.895833+00:00,temperature,3.714,4.0,none,,
2026-07-26T13:12:37.895833+00:00,vibration_rms,,,none,,0.484
2026-07-26T13:12:39.645986+00:00,temperature,3.516,4.0,none,,
2026-07-26T13:12:41.032950+00:00,temperature,3.811,4.0,none,,
2026-07-26T13:12:41.032950+00:00,vibration_rms,,,none,,0.474
2026-07-26T13:12:42.790148+00:00,temperature,4.275,4.0,none,,
2026-07-26T13:12:44.066124+00:00,temperature,4.115,4.0,none,,
2026-07-26T13:12:44.066124+00:00,vibration_rms,,,none,,0.41
2026-07-26T13:12:45.651646+00:00,temperature,4.104,4.0,none,,
2026-07-26T13:12:45.651646+00:00,door_event,,,none,OPEN,
2026-07-26T13:12:47.022617+00:00,temperature,3.939,4.0,none,,
2026-07-26T13:12:47.022617+00:00,vibration_rms,,,none,,0.464
2026-07-26T13:12:48.613656+00:00,temperature,3.74,4.0,none,,
2026-07-26T13:12:49.879124+00:00,temperature,3.902,4.0,none,,
2026-07-26T13:12:49.879124+00:00,vibration_rms,,,none,,0.442
2026-07-26T13:12:51.452799+00:00,temperature,3.622,4.0,none,,
2026-07-26T13:12:52.809563+00:00,temperature,4.484,4.0,none,,
2026-07-26T13:12:52.809563+00:00,vibration_rms,,,none,,0.492
2026-07-26T13:12:54.550478+00:00,temperature,3.826,4.0,none,,
2026-07-26T13:12:56.154536+00:00,temperature,4.341,4.0,none,,
2026-07-26T13:12:56.154536+00:00,vibration_rms,,,none,,0.462
2026-07-26T13:12:58.265647+00:00,temperature,4.549,4.0,none,,
2026-07-26T13:12:59.722883+00:00,temperature,4.369,4.0,none,,
2026-07-26T13:12:59.722883+00:00,vibration_rms,,,none,,0.467
2026-07-26T13:13:01.614710+00:00,temperature,3.726,4.0,none,,
2026-07-26T13:13:02.985125+00:00,temperature,3.657,4.0,none,,
2026-07-26T13:13:02.985125+00:00,vibration_rms,,,none,,0.38
2026-07-26T13:13:05.307681+00:00,temperature,3.94,4.0,none,,
2026-07-26T13:13:05.307681+00:00,door_event,,,none,OPEN,
2026-07-26T13:13:06.751818+00:00,temperature,4.056,4.0,none,,
2026-07-26T13:13:06.751818+00:00,vibration_rms,,,none,,0.391
2026-07-26T13:13:09.207922+00:00,temperature,4.18,4.0,none,,
2026-07-26T13:13:10.962626+00:00,temperature,4.278,4.0,none,,
2026-07-26T13:13:10.962626+00:00,vibration_rms,,,none,,0.451
2026-07-26T13:13:12.708355+00:00,temperature,4.952,4.0,none,,
2026-07-26T13:13:14.017661+00:00,temperature,3.74,4.0,none,,
2026-07-26T13:13:14.017661+00:00,vibration_rms,,,none,,0.466
2026-07-26T13:13:15.742838+00:00,temperature,3.777,4.0,none,,
2026-07-26T13:13:17.434185+00:00,temperature,3.998,4.0,none,,
2026-07-26T13:13:17.434185+00:00,vibration_rms,,,none,,0.545
2026-07-26T13:13:19.560854+00:00,temperature,3.91,4.0,none,,
2026-07-26T13:13:21.288774+00:00,temperature,4.477,4.0,none,,
2026-07-26T13:13:21.288774+00:00,vibration_rms,,,none,,0.463
2026-07-26T13:13:23.048113+00:00,temperature,4.097,4.0,none,,
2026-07-26T13:13:25.051610+00:00,temperature,4.134,4.0,none,,
2026-07-26T13:13:25.051610+00:00,vibration_rms,,,none,,0.421
2026-07-26T13:13:27.626228+00:00,temperature,3.902,4.0,none,,
2026-07-26T13:13:29.467143+00:00,temperature,3.622,4.0,none,,
2026-07-26T13:13:29.467143+00:00,vibration_rms,,,none,,0.439
2026-07-26T13:13:31.067799+00:00,temperature,4.001,4.0,none,,
2026-07-26T13:13:32.346785+00:00,temperature,3.805,4.0,none,,
2026-07-26T13:13:32.346785+00:00,vibration_rms,,,none,,0.412
2026-07-26T13:13:33.886071+00:00,temperature,3.911,4.0,none,,
2026-07-26T13:13:35.263711+00:00,temperature,4.283,4.0,none,,
2026-07-26T13:13:35.263711+00:00,vibration_rms,,,none,,0.533
2026-07-26T13:13:37.030057+00:00,temperature,4.323,4.0,none,,
2026-07-26T13:13:38.497846+00:00,temperature,4.01,4.0,none,,
2026-07-26T13:13:38.497846+00:00,vibration_rms,,,none,,0.396
2026-07-26T13:13:40.178295+00:00,temperature,3.59,4.0,none,,
2026-07-26T13:13:41.714802+00:00,temperature,4.405,4.0,none,,
2026-07-26T13:13:41.714802+00:00,vibration_rms,,,none,,0.428
2026-07-26T13:13:43.263258+00:00,temperature,3.661,4.0,none,,
2026-07-26T13:13:44.609742+00:00,temperature,4.078,4.0,none,,
2026-07-26T13:13:44.609742+00:00,vibration_rms,,,none,,0.378
2026-07-26T13:13:46.793040+00:00,temperature,4.174,4.0,none,,
2026-07-26T13:13:48.116797+00:00,temperature,3.92,4.0,none,,
2026-07-26T13:13:48.116797+00:00,vibration_rms,,,none,,0.449
2026-07-26T13:13:50.658366+00:00,temperature,4.298,4.0,none,,
2026-07-26T13:13:52.451427+00:00,temperature,3.976,4.0,none,,
2026-07-26T13:13:52.451427+00:00,vibration_rms,,,none,,0.43
2026-07-26T13:13:54.169034+00:00,temperature,3.894,4.0,none,,
2026-07-26T13:13:55.417749+00:00,temperature,4.444,4.0,none,,
2026-07-26T13:13:55.417749+00:00,vibration_rms,,,none,,0.5
2026-07-26T13:13:56.858743+00:00,temperature,3.989,4.0,none,,
2026-07-26T13:13:58.019941+00:00,temperature,4.104,4.0,none,,
2026-07-26T13:13:58.019941+00:00,vibration_rms,,,none,,0.49
2026-07-26T13:13:59.594276+00:00,temperature,4.105,4.0,none,,
2026-07-26T13:14:00.888805+00:00,temperature,3.894,4.0,none,,
2026-07-26T13:14:00.888805+00:00,vibration_rms,,,none,,0.466
2026-07-26T13:14:02.444852+00:00,temperature,4.131,4.0,none,,
2026-07-26T13:14:03.756180+00:00,temperature,4.253,4.0,none,,
2026-07-26T13:14:03.756180+00:00,vibration_rms,,,none,,0.487
2026-07-26T13:14:05.520302+00:00,temperature,3.618,4.0,none,,
2026-07-26T13:14:06.762777+00:00,temperature,4.082,4.0,none,,
2026-07-26T13:14:06.762777+00:00,vibration_rms,,,none,,0.454
2026-07-26T13:14:08.351535+00:00,temperature,3.433,4.0,none,,
2026-07-26T13:14:09.614098+00:00,temperature,3.717,4.0,none,,
2026-07-26T13:14:09.614098+00:00,vibration_rms,,,none,,0.519
2026-07-26T13:14:11.186507+00:00,temperature,4.73,4.0,none,,
2026-07-26T13:14:11.186507+00:00,door_event,,,none,OPEN,
2026-07-26T13:14:12.502610+00:00,temperature,3.961,4.0,none,,
2026-07-26T13:14:12.502610+00:00,vibration_rms,,,none,,0.514
2026-07-26T13:14:29.094575+00:00,temperature,3.637,4.0,none,,
2026-07-26T13:14:31.821411+00:00,temperature,4.07,4.0,none,,
2026-07-26T13:14:31.821411+00:00,vibration_rms,,,none,,0.369
2026-07-26T13:14:34.311895+00:00,temperature,3.875,4.0,none,,
2026-07-26T13:14:36.083096+00:00,temperature,4.159,4.0,none,,
2026-07-26T13:14:36.083096+00:00,vibration_rms,,,none,,0.469
2026-07-26T13:14:38.662457+00:00,temperature,4.43,4.0,none,,
2026-07-26T13:14:40.258744+00:00,temperature,4.277,4.0,none,,
2026-07-26T13:14:40.258744+00:00,vibration_rms,,,none,,0.464
2026-07-26T13:14:42.247027+00:00,temperature,3.925,4.0,none,,
2026-07-26T13:14:43.918908+00:00,temperature,3.97,4.0,none,,
2026-07-26T13:14:43.918908+00:00,vibration_rms,,,none,,0.496
2026-07-26T13:14:45.681699+00:00,temperature,3.964,4.0,none,,
2026-07-26T13:14:47.327900+00:00,temperature,3.724,4.0,none,,
2026-07-26T13:14:47.327900+00:00,vibration_rms,,,none,,0.537
2026-07-26T13:14:52.466720+00:00,temperature,4.153,4.0,none,,
2026-07-26T13:14:54.473394+00:00,temperature,4.435,4.0,none,,
2026-07-26T13:14:54.473394+00:00,vibration_rms,,,none,,0.478
2026-07-26T13:14:56.911368+00:00,temperature,3.63,4.0,none,,
2026-07-26T13:14:58.648252+00:00,temperature,4.444,4.0,none,,
2026-07-26T13:14:58.648252+00:00,vibration_rms,,,none,,0.548
2026-07-26T13:15:00.752025+00:00,temperature,4.312,4.0,none,,
2026-07-26T13:15:02.345678+00:00,temperature,4.124,4.0,none,,
2026-07-26T13:15:02.345678+00:00,vibration_rms,,,none,,0.444
2026-07-26T13:15:02.345678+00:00,door_event,,,none,CLOSE,
2026-07-26T13:15:03.995853+00:00,temperature,4.215,4.0,none,,
2026-07-26T13:15:05.328276+00:00,temperature,4.086,4.0,none,,
2026-07-26T13:15:05.328276+00:00,vibration_rms,,,none,,0.39
2026-07-26T13:15:07.078770+00:00,temperature,4.58,4.0,none,,
2026-07-26T13:15:08.485722+00:00,temperature,4.497,4.0,none,,
2026-07-26T13:15:08.485722+00:00,vibration_rms,,,none,,0.436
2026-07-26T13:15:10.258345+00:00,temperature,3.932,4.0,none,,
2026-07-26T13:15:11.898439+00:00,temperature,4.328,4.0,none,,
2026-07-26T13:15:11.898439+00:00,vibration_rms,,,none,,0.376
2026-07-26T13:15:13.917909+00:00,temperature,3.847,4.0,none,,
2026-07-26T13:15:15.707416+00:00,temperature,4.141,4.0,none,,
2026-07-26T13:15:15.707416+00:00,vibration_rms,,,none,,0.39
2026-07-26T13:15:18.081855+00:00,temperature,4.248,4.0,none,,
2026-07-26T13:15:20.156378+00:00,temperature,3.89,4.0,none,,
2026-07-26T13:15:20.156378+00:00,vibration_rms,,,none,,0.481
2026-07-26T13:15:23.231880+00:00,temperature,3.633,4.0,none,,
2026-07-26T13:15:24.520566+00:00,temperature,3.91,4.0,none,,
2026-07-26T13:15:24.520566+00:00,vibration_rms,,,none,,0.392
2026-07-26T13:15:26.047064+00:00,temperature,4.444,4.0,none,,
2026-07-26T13:15:27.369340+00:00,temperature,3.422,4.0,none,,
2026-07-26T13:15:27.369340+00:00,vibration_rms,,,none,,0.403
2026-07-26T13:15:28.876892+00:00,temperature,3.948,4.0,none,,
2026-07-26T13:15:30.148598+00:00,temperature,3.961,4.0,none,,
2026-07-26T13:15:30.148598+00:00,vibration_rms,,,none,,0.449
2026-07-26T13:15:31.837727+00:00,temperature,3.635,4.0,none,,
2026-07-26T13:15:33.416216+00:00,temperature,4.701,4.0,none,,
2026-07-26T13:15:33.416216+00:00,vibration_rms,,,none,,0.383
2026-07-26T13:15:34.901964+00:00,temperature,4.264,4.0,none,,
2026-07-26T13:15:36.776515+00:00,temperature,3.679,4.0,none,,
2026-07-26T13:15:36.776515+00:00,vibration_rms,,,none,,0.504
2026-07-26T13:15:39.354273+00:00,temperature,4.053,4.0,none,,
2026-07-26T13:15:40.679903+00:00,temperature,4.567,4.0,none,,
2026-07-26T13:15:40.679903+00:00,vibration_rms,,,none,,0.443
2026-07-26T13:15:42.217920+00:00,temperature,3.653,4.0,none,,
2026-07-26T13:15:43.433693+00:00,temperature,4.027,4.0,none,,
2026-07-26T13:15:43.433693+00:00,vibration_rms,,,none,,0.435
2026-07-26T13:15:44.981599+00:00,temperature,3.895,4.0,none,,
2026-07-26T13:15:46.693345+00:00,temperature,3.356,4.0,none,,
2026-07-26T13:15:46.693345+00:00,vibration_rms,,,none,,0.527
2026-07-26T13:15:48.917328+00:00,temperature,3.742,4.0,none,,
2026-07-26T13:15:50.181194+00:00,temperature,3.857,4.0,none,,
2026-07-26T13:15:50.181194+00:00,vibration_rms,,,none,,0.384
2026-07-26T13:15:51.943220+00:00,temperature,3.386,4.0,none,,
2026-07-26T13:15:53.258665+00:00,temperature,4.129,4.0,none,,
2026-07-26T13:15:53.258665+00:00,vibration_rms,,,none,,0.502
2026-07-26T13:15:55.518821+00:00,temperature,4.44,4.0,none,,
2026-07-26T13:15:56.929035+00:00,temperature,4.639,4.0,none,,
2026-07-26T13:15:56.929035+00:00,vibration_rms,,,none,,0.545
2026-07-26T13:15:58.479427+00:00,temperature,4.642,4.0,none,,
2026-07-26T13:15:59.768172+00:00,temperature,4.026,4.0,none,,
2026-07-26T13:15:59.768172+00:00,vibration_rms,,,none,,0.489
2026-07-26T13:16:02.418427+00:00,temperature,4.044,4.0,none,,
2026-07-26T13:16:03.633707+00:00,temperature,4.334,4.0,none,,
2026-07-26T13:16:03.633707+00:00,vibration_rms,,,none,,0.506
2026-07-26T13:16:05.140971+00:00,temperature,4.059,4.0,none,,
2026-07-26T13:16:06.723828+00:00,temperature,3.844,4.0,none,,
2026-07-26T13:16:06.723828+00:00,vibration_rms,,,none,,0.482
2026-07-26T13:16:08.235155+00:00,temperature,3.918,4.0,none,,
2026-07-26T13:16:09.553577+00:00,temperature,3.895,4.0,none,,
2026-07-26T13:16:09.553577+00:00,vibration_rms,,,none,,0.446
2026-07-26T13:16:11.352008+00:00,temperature,3.498,4.0,none,,
2026-07-26T13:16:12.721622+00:00,temperature,4.288,4.0,none,,
2026-07-26T13:16:12.721622+00:00,vibration_rms,,,none,,0.471
2026-07-26T13:16:14.297588+00:00,temperature,4.338,4.0,none,,
2026-07-26T13:16:16.521864+00:00,temperature,4.198,4.0,none,,
2026-07-26T13:16:16.521864+00:00,vibration_rms,,,none,,0.538
2026-07-26T13:16:18.054577+00:00,temperature,4.125,4.0,none,,
2026-07-26T13:16:19.351766+00:00,temperature,3.505,4.0,none,,
2026-07-26T13:16:19.351766+00:00,vibration_rms,,,none,,0.443
2026-07-26T13:16:20.858324+00:00,temperature,3.76,4.0,none,,
2026-07-26T13:16:22.129974+00:00,temperature,3.795,4.0,none,,
2026-07-26T13:16:22.129974+00:00,vibration_rms,,,none,,0.453
2026-07-26T13:16:23.644842+00:00,temperature,3.76,4.0,none,,
2026-07-26T13:16:24.973094+00:00,temperature,4.327,4.0,none,,
2026-07-26T13:16:24.973094+00:00,vibration_rms,,,none,,0.447
2026-07-26T13:16:26.456316+00:00,temperature,4.099,4.0,none,,
2026-07-26T13:16:27.769981+00:00,temperature,4.572,4.0,none,,
2026-07-26T13:16:27.769981+00:00,vibration_rms,,,none,,0.421
2026-07-26T13:16:27.769981+00:00,door_event,,,none,CLOSE,
2026-07-26T13:16:29.501440+00:00,temperature,3.878,4.0,none,,
2026-07-26T13:16:30.762459+00:00,temperature,3.831,4.0,none,,
2026-07-26T13:16:30.762459+00:00,vibration_rms,,,none,,0.458
2026-07-26T13:16:32.252491+00:00,temperature,4.26,4.0,none,,
2026-07-26T13:16:33.556246+00:00,temperature,4.399,4.0,none,,
2026-07-26T13:16:33.556246+00:00,vibration_rms,,,none,,0.343
2026-07-26T13:16:35.165207+00:00,temperature,4.374,4.0,none,,
2026-07-26T13:16:36.405294+00:00,temperature,4.167,4.0,none,,
2026-07-26T13:16:36.405294+00:00,vibration_rms,,,none,,0.367
2026-07-26T13:16:38.871251+00:00,temperature,3.712,4.0,none,,
2026-07-26T13:16:40.401065+00:00,temperature,3.814,4.0,none,,
2026-07-26T13:16:40.401065+00:00,vibration_rms,,,none,,0.415
2026-07-26T13:16:40.401065+00:00,door_event,,,none,OPEN,
2026-07-26T13:16:43.416619+00:00,temperature,4.128,4.0,none,,
2026-07-26T13:16:45.075584+00:00,temperature,4.204,4.0,none,,
2026-07-26T13:16:45.075584+00:00,vibration_rms,,,none,,0.489
2026-07-26T13:16:46.503929+00:00,temperature,4.344,4.0,none,,
2026-07-26T13:16:47.764179+00:00,temperature,4.278,4.0,none,,
2026-07-26T13:16:47.764179+00:00,vibration_rms,,,none,,0.448
2026-07-26T13:16:49.267788+00:00,temperature,4.089,4.0,none,,
2026-07-26T13:16:50.570817+00:00,temperature,3.845,4.0,none,,
2026-07-26T13:16:50.570817+00:00,vibration_rms,,,none,,0.435
2026-07-26T13:16:52.102457+00:00,temperature,4.409,4.0,none,,
2026-07-26T13:16:53.345416+00:00,temperature,4.143,4.0,none,,
2026-07-26T13:16:53.345416+00:00,vibration_rms,,,none,,0.352
2026-07-26T13:16:54.816735+00:00,temperature,3.954,4.0,none,,
2026-07-26T13:16:56.132208+00:00,temperature,3.868,4.0,none,,
2026-07-26T13:16:56.132208+00:00,vibration_rms,,,none,,0.505
2026-07-26T13:16:57.649356+00:00,temperature,4.227,4.0,none,,
2026-07-26T13:16:58.873868+00:00,temperature,4.426,4.0,none,,
2026-07-26T13:16:58.873868+00:00,vibration_rms,,,none,,0.452
2026-07-26T13:17:00.509486+00:00,temperature,4.246,4.0,none,,
2026-07-26T13:17:01.846118+00:00,temperature,3.85,4.0,none,,
2026-07-26T13:17:01.846118+00:00,vibration_rms,,,none,,0.42
2026-07-26T13:17:03.373313+00:00,temperature,3.828,4.0,none,,
